ZIP,geoid,index
90001,6037239202,1
90001,6037239330,2
90001,6037239501,3
90001,6037239502,4
90001,6037239801,5
90001,6037239802,6
90001,6037240010,7
90001,6037532700,8
90001,6037532800,9
90001,6037532900,10
90001,6037533001,11
90001,6037533002,12
90001,6037534900,13
90001,6037535001,14
90001,6037535002,15
90001,6037535101,16
90001,6037535102,17
90001,6037535300,18
90002,6037240010,1
90002,6037240020,2
90002,6037240700,3
90002,6037240800,4
90002,6037242000,5
90002,6037242100,6
90002,6037242200,7
90002,6037242300,8
90002,6037242600,9
90002,6037242700,10
90002,6037243000,11
90002,6037535102,12
90002,6037535200,13
90002,6037535300,14
90002,6037535400,15
90002,6037540300,16
90003,6037232700,1
90003,6037237102,2
90003,6037237600,3
90003,6037237710,4
90003,6037237720,5
90003,6037238310,6
90003,6037238320,7
90003,6037239201,8
90003,6037239202,9
90003,6037239310,10
90003,6037239320,11
90003,6037239330,12
90003,6037239501,13
90003,6037239502,14
90003,6037239601,15
90003,6037239602,16
90003,6037239701,17
90003,6037239702,18
90003,6037239801,19
90003,6037239802,20
90003,6037240010,21
90003,6037240020,22
90003,6037240200,23
90003,6037240300,24
90003,6037240401,25
90003,6037240402,26
90003,6037240500,27
90003,6037240600,28
90003,6037240700,29
90003,6037240800,30
90003,6037240900,31
90003,6037241110,32
90003,6037241120,33
90003,6037241201,34
90004,6037191902,1
90004,6037192300,2
90004,6037192410,3
90004,6037192420,4
90004,6037192510,5
90004,6037192520,6
90004,6037192610,7
90004,6037192620,8
90004,6037192700,9
90004,6037195802,10
90004,6037195903,11
90004,6037208610,12
90004,6037211000,13
90004,6037211121,14
90004,6037211122,15
90004,6037211201,16
90004,6037211202,17
90004,6037211310,18
90004,6037211320,19
90004,6037211410,20
90004,6037211420,21
90004,6037211500,22
90004,6037214100,23
90005,6037209401,1
90005,6037211000,2
90005,6037211120,3
90005,6037211701,4
90005,6037211704,5
90005,6037211802,6
90005,6037212101,7
90005,6037212102,8
90005,6037212202,9
90005,6037212203,10
90005,6037212204,11
90005,6037212303,12
90005,6037212304,13
90005,6037212305,14
90005,6037212306,15
90005,6037212410,16
90005,6037212420,17
90005,6037212501,18
90005,6037212502,19
90005,6037212610,20
90005,6037212620,21
90005,6037212701,22
90005,6037212702,23
90005,6037216100,24
90006,6037209401,1
90006,6037209402,2
90006,6037209510,3
90006,6037209520,4
90006,6037209810,5
90006,6037209820,6
90006,6037212202,7
90006,6037212305,8
90006,6037212306,9
90006,6037212420,10
90006,6037212501,11
90006,6037212502,12
90006,6037212620,13
90006,6037213100,14
90006,6037213201,15
90006,6037213202,16
90006,6037213310,17
90006,6037213320,18
90006,6037213401,19
90006,6037213402,20
90006,6037221110,21
90006,6037221120,22
90006,6037221210,23
90006,6037221220,24
90006,6037221302,25
90006,6037221303,26
90006,6037221602,27
90006,6037224310,28
90006,6037224320,29
90007,6037221120,1
90007,6037221220,2
90007,6037221500,3
90007,6037221601,4
90007,6037221602,5
90007,6037221710,6
90007,6037221810,7
90007,6037221820,8
90007,6037221900,9
90007,6037222100,10
90007,6037222200,11
90007,6037222500,12
90007,6037222600,13
90007,6037222700,14
90007,6037224020,15
90007,6037224320,16
90007,6037224410,17
90007,6037224420,18
90007,6037224600,19
90007,6037224700,20
90007,6037231100,21
90007,6037231210,22
90007,6037231220,23
90008,6037234000,1
90008,6037234200,2
90008,6037234300,3
90008,6037234502,4
90008,6037236000,5
90008,6037236100,6
90008,6037236202,7
90008,6037236203,8
90008,6037236204,9
90008,6037236400,10
90008,6037703100,11
90008,6037703200,12
90009,6037980028,1
90010,6037211000,1
90010,6037211120,2
90010,6037211701,3
90010,6037211704,4
90010,6037211802,5
90010,6037212101,6
90010,6037212102,7
90010,6037212203,8
90010,6037212204,9
90010,6037212303,10
90010,6037212304,11
90010,6037212410,12
90010,6037212502,13
90010,6037212610,14
90010,6037212702,15
90011,6037224020,1
90011,6037224600,2
90011,6037226001,3
90011,6037226410,4
90011,6037226420,5
90011,6037226700,6
90011,6037227010,7
90011,6037227020,8
90011,6037228100,9
90011,6037228210,10
90011,6037228220,11
90011,6037228310,12
90011,6037228320,13
90011,6037228410,14
90011,6037228420,15
90011,6037228500,16
90011,6037228600,17
90011,6037228710,18
90011,6037228720,19
90011,6037228800,20
90011,6037228900,21
90011,6037229100,22
90011,6037229200,23
90011,6037229300,24
90011,6037229410,25
90011,6037229420,26
90011,6037231100,27
90011,6037239202,28
90011,6037532700,29
90011,6037532800,30
90012,6037197600,1
90012,6037197700,2
90012,6037206010,3
90012,6037206020,4
90012,6037206031,5
90012,6037206032,6
90012,6037206200,7
90012,6037207101,8
90012,6037207102,9
90012,6037207103,10
90012,6037207301,11
90012,6037207302,12
90012,6037207400,13
90012,6037207501,14
90012,6037207502,15
90012,6037208000,16
90012,6037980010,17
90013,6037206031,1
90013,6037206200,2
90013,6037206300,3
90013,6037207301,4
90013,6037207302,5
90013,6037207502,6
90013,6037207710,7
90014,6037206300,1
90014,6037207301,2
90014,6037207302,3
90014,6037207710,4
90014,6037226002,5
90015,6037207301,1
90015,6037207710,2
90015,6037207900,3
90015,6037209300,4
90015,6037209403,5
90015,6037209520,6
90015,6037209820,7
90015,6037210010,8
90015,6037224010,9
90015,6037224020,10
90015,6037224200,11
90015,6037224320,12
90015,6037224410,13
90015,6037224420,14
90015,6037226001,15
90015,6037226002,16
90016,6037218210,1
90016,6037218220,2
90016,6037218300,3
90016,6037218400,4
90016,6037218500,5
90016,6037218600,6
90016,6037218701,7
90016,6037218702,8
90016,6037219300,9
90016,6037219500,10
90016,6037219700,11
90016,6037219800,12
90016,6037219901,13
90016,6037219902,14
90016,6037220000,15
90016,6037220100,16
90016,6037234200,17
90016,6037236000,18
90016,6037236100,19
90016,6037236202,20
90016,6037236203,21
90016,6037236204,22
90016,6037270200,23
90016,6037270300,24
90016,6037702502,25
90016,6037703100,26
90017,6037207710,1
90017,6037208000,2
90017,6037208301,3
90017,6037208302,4
90017,6037208401,5
90017,6037208902,6
90017,6037208904,7
90017,6037209102,8
90017,6037209103,9
90017,6037209104,10
90017,6037209200,11
90017,6037209300,12
90017,6037209403,13
90018,6037218110,1
90018,6037218120,2
90018,6037218701,3
90018,6037218702,4
90018,6037218800,5
90018,6037218900,6
90018,6037219010,7
90018,6037219020,8
90018,6037219300,9
90018,6037221210,10
90018,6037221302,11
90018,6037221401,12
90018,6037221402,13
90018,6037221500,14
90018,6037222001,15
90018,6037222002,16
90018,6037222100,17
90018,6037222200,18
90018,6037222500,19
90018,6037222600,20
90018,6037231300,21
90018,6037231400,22
90018,6037234000,23
90018,6037234200,24
90019,6037212620,1
90019,6037212701,2
90019,6037212702,3
90019,6037212800,4
90019,6037212900,5
90019,6037213100,6
90019,6037216100,7
90019,6037216200,8
90019,6037216300,9
90019,6037216700,10
90019,6037216800,11
90019,6037216900,12
90019,6037217100,13
90019,6037217200,14
90019,6037218110,15
90019,6037218120,16
90019,6037218210,17
90019,6037218220,18
90019,6037218300,19
90019,6037218701,20
90019,6037218800,21
90019,6037221302,22
90019,6037221303,23
90019,6037221304,24
90019,6037270300,25
90020,6037208710,1
90020,6037211000,2
90020,6037211120,3
90020,6037211121,4
90020,6037211122,5
90020,6037211310,6
90020,6037211320,7
90020,6037211410,8
90020,6037211420,9
90020,6037211500,10
90020,6037211701,11
90020,6037211703,12
90020,6037211704,13
90020,6037211802,14
90020,6037211803,15
90020,6037211804,16
90020,6037211910,17
90020,6037211921,18
90020,6037211922,19
90020,6037212101,20
90020,6037212102,21
90020,6037214100,22
90021,6037206031,1
90021,6037206300,2
90021,6037226001,3
90021,6037226002,4
90022,6037482001,1
90022,6037530202,2
90022,6037530301,3
90022,6037530302,4
90022,6037530400,5
90022,6037530500,6
90022,6037530602,7
90022,6037531000,8
90022,6037531301,9
90022,6037531502,10
90022,6037531503,11
90022,6037531504,12
90022,6037531602,13
90022,6037531603,14
90022,6037531604,15
90022,6037531701,16
90022,6037531702,17
90022,6037531800,18
90022,6037531901,19
90022,6037531902,20
90022,6037532001,21
90022,6037532302,22
90022,6037532303,23
90023,6037203900,1
90023,6037204120,2
90023,6037204300,3
90023,6037204600,4
90023,6037204700,5
90023,6037204810,6
90023,6037204820,7
90023,6037204910,8
90023,6037204920,9
90023,6037205110,10
90023,6037205120,11
90023,6037206031,12
90023,6037206050,13
90023,6037531201,14
90023,6037531202,15
90023,6037531301,16
90023,6037531302,17
90023,6037531503,18
90023,6037532302,19
90024,6037265100,1
90024,6037265201,2
90024,6037265202,3
90024,6037265301,4
90024,6037265303,5
90024,6037265304,6
90024,6037265305,7
90024,6037265420,8
90024,6037265510,9
90024,6037265520,10
90024,6037265601,11
90024,6037265602,12
90024,6037265700,13
90024,6037701100,14
90025,6037264301,1
90025,6037264302,2
90025,6037265520,3
90025,6037265601,4
90025,6037265700,5
90025,6037267100,6
90025,6037267200,7
90025,6037267300,8
90025,6037267402,9
90025,6037267403,10
90025,6037267404,11
90025,6037267501,12
90025,6037267502,13
90025,6037267600,14
90025,6037267700,15
90025,6037267902,16
90025,6037701100,17
90025,6037701602,18
90026,6037195100,1
90026,6037195400,2
90026,6037195500,3
90026,6037195600,4
90026,6037195710,5
90026,6037195720,6
90026,6037195802,7
90026,6037195803,8
90026,6037195804,9
90026,6037195901,10
90026,6037195902,11
90026,6037195903,12
90026,6037197300,13
90026,6037197410,14
90026,6037197420,15
90026,6037197500,16
90026,6037197600,17
90026,6037197700,18
90026,6037208000,19
90026,6037208301,20
90026,6037208302,21
90026,6037208401,22
90026,6037208402,23
90026,6037208501,24
90026,6037208610,25
90026,6037208620,26
90026,6037980010,27
90027,6037188201,1
90027,6037188202,2
90027,6037189101,3
90027,6037189102,4
90027,6037189201,5
90027,6037189202,6
90027,6037189300,7
90027,6037190301,8
90027,6037190401,9
90027,6037190402,10
90027,6037190510,11
90027,6037190520,12
90027,6037190901,13
90027,6037191110,14
90027,6037191201,15
90027,6037191302,16
90027,6037195100,17
90027,6037195201,18
90027,6037195202,19
90027,6037195300,20
90027,6037980009,21
90028,6037189300,1
90028,6037189500,2
90028,6037189600,3
90028,6037189702,4
90028,6037189902,5
90028,6037189904,6
90028,6037190100,7
90028,6037190201,8
90028,6037190202,9
90028,6037190301,10
90028,6037190510,11
90028,6037190700,12
90028,6037190801,13
90028,6037190802,14
90028,6037190901,15
90028,6037190902,16
90028,6037191000,17
90028,6037191901,18
90028,6037194101,19
90029,6037189201,1
90029,6037190901,2
90029,6037191110,3
90029,6037191120,4
90029,6037191201,5
90029,6037191203,6
90029,6037191204,7
90029,6037191301,8
90029,6037191302,9
90029,6037191410,10
90029,6037191420,11
90029,6037191500,12
90029,6037191610,13
90029,6037191620,14
90029,6037191710,15
90029,6037191720,16
90029,6037192510,17
90029,6037192520,18
90029,6037192610,19
90029,6037192700,20
90029,6037195202,21
90029,6037195300,22
90029,6037195400,23
90029,6037195901,24
90030,6037239330,1
90031,6037185100,1
90031,6037185320,2
90031,6037187200,3
90031,6037197200,4
90031,6037197410,5
90031,6037199000,6
90031,6037199110,7
90031,6037199120,8
90031,6037199201,9
90031,6037199202,10
90031,6037199300,11
90031,6037199400,12
90031,6037199700,13
90031,6037199800,14
90031,6037199900,15
90031,6037203500,16
90032,6037199110,1
90032,6037199120,2
90032,6037199202,3
90032,6037199300,4
90032,6037201110,5
90032,6037201120,6
90032,6037201200,7
90032,6037201301,8
90032,6037201302,9
90032,6037201401,10
90032,6037201402,11
90032,6037201501,12
90032,6037201503,13
90032,6037201504,14
90032,6037201601,15
90032,6037201602,16
90032,6037201700,17
90032,6037480802,18
90032,6037480803,19
90032,6037481901,20
90032,6037530700,21
90033,6037199900,1
90033,6037203100,2
90033,6037203200,3
90033,6037203300,4
90033,6037203500,5
90033,6037203600,6
90033,6037203710,7
90033,6037203720,8
90033,6037203800,9
90033,6037204110,10
90033,6037204200,11
90033,6037204300,12
90033,6037204410,13
90033,6037204420,14
90033,6037204600,15
90033,6037206032,16
90033,6037206050,17
90034,6037269000,1
90034,6037269500,2
90034,6037269601,3
90034,6037269602,4
90034,6037269700,5
90034,6037269800,6
90034,6037269903,7
90034,6037269904,8
90034,6037269905,9
90034,6037269906,10
90034,6037269907,11
90034,6037270100,12
90034,6037270200,13
90034,6037270300,14
90034,6037271100,15
90034,6037271701,16
90034,6037271702,17
90034,6037271801,18
90034,6037271802,19
90034,6037702400,20
90035,6037216401,1
90035,6037216402,2
90035,6037216700,3
90035,6037216800,4
90035,6037217001,5
90035,6037217002,6
90035,6037269000,7
90035,6037269100,8
90035,6037269500,9
90035,6037269601,10
90035,6037269602,11
90035,6037270300,12
90035,6037700902,13
90035,6037701000,14
90036,6037191902,1
90036,6037192001,2
90036,6037192002,3
90036,6037194401,4
90036,6037194500,5
90036,6037211000,6
90036,6037214000,7
90036,6037214100,8
90036,6037214400,9
90036,6037214501,10
90036,6037214502,11
90036,6037214503,12
90036,6037214600,13
90036,6037214700,14
90036,6037215101,15
90036,6037215102,16
90036,6037216100,17
90036,6037216200,18
90036,6037216300,19
90036,6037216900,20
90037,6037222700,1
90037,6037228420,2
90037,6037228500,3
90037,6037229300,4
90037,6037229410,5
90037,6037231100,6
90037,6037231210,7
90037,6037231220,8
90037,6037231300,9
90037,6037231600,10
90037,6037231710,11
90037,6037231720,12
90037,6037231800,13
90037,6037231900,14
90037,6037232110,15
90037,6037232120,16
90037,6037232200,17
90037,6037232300,18
90037,6037232600,19
90037,6037232700,20
90037,6037232800,21
90038,6037190801,1
90038,6037190802,2
90038,6037190901,3
90038,6037190902,4
90038,6037191710,5
90038,6037191720,6
90038,6037191810,7
90038,6037191820,8
90038,6037191901,9
90038,6037191902,10
90038,6037192001,11
90038,6037192300,12
90038,6037192410,13
90038,6037192420,14
90038,6037700101,15
90038,6037700102,16
90039,6037187101,1
90039,6037187102,2
90039,6037187200,3
90039,6037187300,4
90039,6037188100,5
90039,6037188201,6
90039,6037188300,7
90039,6037195100,8
90039,6037195400,9
90039,6037195500,10
90039,6037197410,11
90039,6037197420,12
90039,6037302401,13
90040,6037531302,1
90040,6037532001,2
90040,6037532200,3
90040,6037532302,4
90040,6037532303,5
90040,6037532304,6
90040,6037533703,7
90040,6037533901,8
90040,6037533902,9
90040,6037534001,10
90040,6037534002,11
90041,6037181000,1
90041,6037181300,2
90041,6037181400,3
90041,6037181500,4
90041,6037181600,5
90041,6037183222,6
90041,6037183402,7
90041,6037186100,8
90041,6037186201,9
90041,6037186202,10
90041,6037300902,11
90041,6037302104,12
90042,6037181500,1
90042,6037181600,2
90042,6037183101,3
90042,6037183103,4
90042,6037183104,5
90042,6037183220,6
90042,6037183221,7
90042,6037183222,8
90042,6037183300,9
90042,6037183401,10
90042,6037183402,11
90042,6037183510,12
90042,6037183520,13
90042,6037183610,14
90042,6037183620,15
90042,6037183701,16
90042,6037183702,17
90042,6037183810,18
90042,6037183820,19
90042,6037185100,20
90042,6037186201,21
90042,6037186203,22
90042,6037199300,23
90042,6037201302,24
90042,6037463800,25
90043,6037234501,1
90043,6037234502,2
90043,6037234600,3
90043,6037234700,4
90043,6037234800,5
90043,6037234901,6
90043,6037234902,7
90043,6037235100,8
90043,6037235201,9
90043,6037235202,10
90043,6037600802,11
90043,6037600911,12
90043,6037703100,13
90043,6037703200,14
90044,6037232600,1
90044,6037232700,2
90044,6037237101,3
90044,6037237102,4
90044,6037237201,5
90044,6037237401,6
90044,6037237402,7
90044,6037237500,8
90044,6037237600,9
90044,6037237710,10
90044,6037237720,11
90044,6037237800,12
90044,6037238000,13
90044,6037238200,14
90044,6037238310,15
90044,6037238320,16
90044,6037238400,17
90044,6037240300,18
90044,6037240401,19
90044,6037240402,20
90044,6037241201,21
90044,6037241202,22
90044,6037241300,23
90044,6037291110,24
90044,6037600100,25
90044,6037600201,26
90044,6037600202,27
90044,6037600302,28
90044,6037600303,29
90044,6037600304,30
90044,6037602801,31
90044,6037602802,32
90045,6037276000,1
90045,6037276100,2
90045,6037276400,3
90045,6037276500,4
90045,6037276601,5
90045,6037276604,6
90045,6037277000,7
90045,6037277100,8
90045,6037277200,9
90045,6037277400,10
90045,6037278001,11
90045,6037601302,12
90045,6037601401,13
90045,6037602200,14
90045,6037703001,15
90045,6037703002,16
90045,6037980028,17
90046,6037143700,1
90046,6037143800,2
90046,6037143901,3
90046,6037189800,4
90046,6037189902,5
90046,6037189903,6
90046,6037189904,7
90046,6037189905,8
90046,6037190100,9
90046,6037192001,10
90046,6037192002,11
90046,6037194101,12
90046,6037194102,13
90046,6037194200,14
90046,6037194300,15
90046,6037194401,16
90046,6037194402,17
90046,6037261101,18
90046,6037700101,19
90046,6037700102,20
90046,6037700200,21
90046,6037700300,22
90047,6037232500,1
90047,6037234700,2
90047,6037234800,3
90047,6037235201,4
90047,6037237201,5
90047,6037237202,6
90047,6037237300,7
90047,6037237402,8
90047,6037237800,9
90047,6037237900,10
90047,6037238000,11
90047,6037238100,12
90047,6037238200,13
90047,6037238400,14
90047,6037600201,15
90047,6037600202,16
90047,6037600302,17
90047,6037600400,18
90047,6037600601,19
90047,6037602700,20
90047,6037602801,21
90047,6037602802,22
90048,6037194401,1
90048,6037194402,2
90048,6037194500,3
90048,6037214501,4
90048,6037214600,5
90048,6037214700,6
90048,6037214800,7
90048,6037214901,8
90048,6037214902,9
90048,6037216300,10
90048,6037216800,11
90048,6037700400,12
90048,6037700802,13
90049,6037139702,1
90049,6037141500,2
90049,6037262200,3
90049,6037262301,4
90049,6037262302,5
90049,6037262303,6
90049,6037262400,7
90049,6037262802,8
90049,6037264000,9
90049,6037264102,10
90049,6037264103,11
90049,6037264301,12
90049,6037264302,13
90049,6037265410,14
90049,6037265420,15
90049,6037701100,16
90049,6037701601,17
90050,6037183300,1
90051,6037239330,1
90052,6037239330,1
90053,6037207400,1
90054,6037239330,1
90055,6037207900,1
90056,6037234200,1
90056,6037235100,2
90056,6037236000,3
90056,6037276100,4
90056,6037601301,5
90056,6037703001,6
90056,6037703002,7
90056,6037703100,8
90057,6037208401,1
90057,6037208402,2
90057,6037208501,3
90057,6037208502,4
90057,6037208610,5
90057,6037208620,6
90057,6037208710,7
90057,6037208720,8
90057,6037208801,9
90057,6037208802,10
90057,6037208902,11
90057,6037208903,12
90057,6037208904,13
90057,6037209401,14
90057,6037209402,15
90057,6037209403,16
90057,6037211120,17
90057,6037211121,18
90057,6037212204,19
90058,6037206031,1
90058,6037226001,2
90058,6037227010,3
90058,6037228100,4
90058,6037228800,5
90058,6037228900,6
90058,6037532304,7
90058,6037532400,8
90058,6037532500,9
90058,6037532603,10
90058,6037532700,11
90059,6037239330,1
90059,6037240800,2
90059,6037240900,3
90059,6037241001,4
90059,6037241002,5
90059,6037242000,6
90059,6037242600,7
90059,6037242700,8
90059,6037243000,9
90059,6037243100,10
90059,6037540300,11
90059,6037540400,12
90059,6037540501,13
90059,6037540600,14
90059,6037540700,15
90059,6037540800,16
90059,6037541100,17
90059,6037541200,18
90059,6037542700,19
90060,6037239330,1
90061,6037240800,1
90061,6037240900,2
90061,6037241001,3
90061,6037241002,4
90061,6037241110,5
90061,6037241120,6
90061,6037241201,7
90061,6037241202,8
90061,6037241300,9
90061,6037241400,10
90061,6037291110,11
90061,6037291120,12
90061,6037291130,13
90061,6037540800,14
90061,6037540901,15
90061,6037540902,16
90061,6037541200,17
90062,6037231300,1
90062,6037231400,2
90062,6037231500,3
90062,6037231600,4
90062,6037232200,5
90062,6037232300,6
90062,6037232400,7
90062,6037232500,8
90062,6037232600,9
90062,6037234000,10
90062,6037234501,11
90062,6037234502,12
90062,6037234600,13
90063,6037201402,1
90063,6037201700,2
90063,6037203100,3
90063,6037203200,4
90063,6037203800,5
90063,6037203900,6
90063,6037204110,7
90063,6037204120,8
90063,6037204300,9
90063,6037530601,10
90063,6037530602,11
90063,6037530700,12
90063,6037530801,13
90063,6037530802,14
90063,6037530901,15
90063,6037530902,16
90063,6037531000,17
90063,6037531101,18
90063,6037531102,19
90063,6037531201,20
90063,6037531503,21
90064,6037267100,1
90064,6037267200,2
90064,6037267600,3
90064,6037267700,4
90064,6037267800,5
90064,6037267902,6
90064,6037269000,7
90064,6037269300,8
90064,6037271100,9
90064,6037271200,10
90064,6037271300,11
90064,6037271500,12
90064,6037271600,13
90064,6037271701,14
90064,6037271702,15
90065,6037181300,1
90065,6037185100,2
90065,6037185202,3
90065,6037185203,4
90065,6037185204,5
90065,6037185310,6
90065,6037185320,7
90065,6037186100,8
90065,6037186201,9
90065,6037186202,10
90065,6037186203,11
90065,6037186301,12
90065,6037186302,13
90065,6037186401,14
90065,6037186403,15
90065,6037186404,16
90065,6037187102,17
90065,6037199000,18
90065,6037199400,19
90066,6037271300,1
90066,6037271400,2
90066,6037271500,3
90066,6037271600,4
90066,6037271801,5
90066,6037271901,6
90066,6037271902,7
90066,6037272100,8
90066,6037272201,9
90066,6037272202,10
90066,6037272301,11
90066,6037272302,12
90066,6037273100,13
90066,6037273700,14
90066,6037273800,15
90066,6037275102,16
90066,6037275200,17
90066,6037275302,18
90066,6037275311,19
90066,6037275400,20
90066,6037275500,21
90066,6037275602,22
90066,6037275603,23
90066,6037702802,24
90066,6037702803,25
90067,6037265700,1
90067,6037267100,2
90067,6037267901,3
90068,6037143700,1
90068,6037143800,2
90068,6037189300,3
90068,6037189400,4
90068,6037189500,5
90068,6037189600,6
90068,6037189701,7
90068,6037189702,8
90068,6037194101,9
90068,6037980009,10
90069,6037194200,1
90069,6037194300,2
90069,6037194402,3
90069,6037700300,4
90069,6037700400,5
90069,6037700501,6
90069,6037700502,7
90070,6037211802,1
90071,6037207502,1
90071,6037207710,2
90072,6037189201,1
90072,6037190901,2
90073,6037701100,1
90074,6037207710,1
90075,6037211802,1
90076,6037211802,1
90077,6037141600,1
90077,6037261200,2
90077,6037262100,3
90077,6037262200,4
90077,6037265100,5
90077,6037265301,6
90078,6037190700,1
90079,6037207900,1
90079,6037224410,2
90081,6037207710,1
90082,6037232120,1
90083,6037276000,1
90084,6037207710,1
90086,6037206020,1
90087,6037239330,1
90089,6037203300,1
90089,6037221820,2
90089,6037221900,3
90089,6037222700,4
90089,6037224700,5
90089,6037231100,6
90089,6037231220,7
90090,6037980010,1
90091,6037532303,1
90093,6037190700,1
90094,6037275602,1
90095,6037265202,1
90095,6037265301,2
90095,6037265305,3
90201,6037532304,1
90201,6037533203,2
90201,6037533601,3
90201,6037533602,4
90201,6037533603,5
90201,6037533803,6
90201,6037533804,7
90201,6037533805,8
90201,6037533806,9
90201,6037533901,10
90201,6037533902,11
90201,6037534001,12
90201,6037534002,13
90201,6037534101,14
90201,6037534102,15
90201,6037534201,16
90201,6037534202,17
90201,6037534203,18
90201,6037534301,19
90201,6037534302,20
90201,6037534403,21
90201,6037534404,22
90201,6037534405,23
90201,6037534406,24
90201,6037550700,25
90202,6037533902,1
90209,6037700801,1
90210,6037141700,1
90210,6037143901,2
90210,6037143902,3
90210,6037194300,4
90210,6037214901,5
90210,6037261101,6
90210,6037261102,7
90210,6037261200,8
90210,6037262100,9
90210,6037700501,10
90210,6037700600,11
90210,6037700700,12
90210,6037700801,13
90211,6037700400,1
90211,6037700801,2
90211,6037700802,3
90211,6037700901,4
90211,6037700902,5
90212,6037269000,1
90212,6037269100,2
90212,6037700801,3
90212,6037700902,4
90212,6037701000,5
90213,6037700801,1
90220,6037541100,1
90220,6037542501,2
90220,6037542502,3
90220,6037542602,4
90220,6037542700,5
90220,6037542800,6
90220,6037542900,7
90220,6037543000,8
90220,6037543100,9
90220,6037543201,10
90220,6037543202,11
90220,6037543305,12
90220,6037543321,13
90220,6037980025,14
90221,6037541603,1
90221,6037541604,2
90221,6037541605,3
90221,6037541606,4
90221,6037541700,5
90221,6037541801,6
90221,6037541802,7
90221,6037542000,8
90221,6037542103,9
90221,6037542104,10
90221,6037542105,11
90221,6037542106,12
90221,6037542200,13
90221,6037542401,14
90221,6037542402,15
90221,6037543305,16
90221,6037544001,17
90221,6037553702,18
90221,6037570402,19
90221,6037570403,20
90222,6037540502,1
90222,6037540600,2
90222,6037540700,3
90222,6037540800,4
90222,6037541200,5
90222,6037541300,6
90222,6037541400,7
90222,6037541500,8
90222,6037541603,9
90222,6037541604,10
90222,6037542601,11
90222,6037542602,12
90222,6037542700,13
90222,6037542800,14
90223,6037542502,1
90224,6037542401,1
90230,6037275101,1
90230,6037275102,2
90230,6037275500,3
90230,6037275602,4
90230,6037275603,5
90230,6037702501,6
90230,6037702502,7
90230,6037702600,8
90230,6037702700,9
90230,6037702801,10
90230,6037702802,11
90230,6037703001,12
90230,6037703002,13
90231,6037702600,1
90232,6037269903,1
90232,6037269905,2
90232,6037270100,3
90232,6037270200,4
90232,6037702400,5
90232,6037702501,6
90232,6037702502,7
90232,6037702801,8
90239,6037550902,1
90240,6037534002,1
90240,6037550500,2
90240,6037550601,3
90240,6037550602,4
90240,6037550700,5
90240,6037550800,6
90240,6037550902,7
90240,6037551000,8
90241,6037550400,1
90241,6037550800,2
90241,6037550901,3
90241,6037550902,4
90241,6037551000,5
90241,6037551101,6
90241,6037551102,7
90241,6037551201,8
90241,6037551202,9
90241,6037551300,10
90241,6037551401,11
90241,6037551402,12
90241,6037551501,13
90241,6037551502,14
90242,6037551101,1
90242,6037551102,2
90242,6037551201,3
90242,6037551202,4
90242,6037551401,5
90242,6037551501,6
90242,6037551502,7
90242,6037551600,8
90242,6037551700,9
90242,6037551800,10
90242,6037553400,11
90245,6037602302,1
90245,6037620001,2
90245,6037620002,3
90245,6037620101,4
90245,6037620102,5
90245,6037980013,6
90245,6037980028,7
90245,6037980030,8
90247,6037291110,1
90247,6037291120,2
90247,6037291130,3
90247,6037291210,4
90247,6037291220,5
90247,6037602802,6
90247,6037602900,7
90247,6037603001,8
90247,6037603004,9
90247,6037603005,10
90247,6037603006,11
90247,6037603101,12
90247,6037603102,13
90247,6037603301,14
90247,6037603302,15
90247,6037603400,16
90247,6037603600,17
90247,6037650001,18
90248,6037291120,1
90248,6037291130,2
90248,6037291210,3
90248,6037291220,4
90248,6037291300,5
90248,6037292000,6
90248,6037540902,7
90248,6037541001,8
90248,6037541002,9
90248,6037541100,10
90248,6037543000,11
90248,6037543100,12
90248,6037543400,13
90248,6037543501,14
90248,6037603101,15
90248,6037603102,16
90248,6037603200,17
90248,6037603302,18
90248,6037650101,19
90248,6037650200,20
90249,6037602600,1
90249,6037602802,2
90249,6037602900,3
90249,6037603001,4
90249,6037603005,5
90249,6037603006,6
90249,6037603400,7
90249,6037603500,8
90249,6037603600,9
90249,6037603702,10
90249,6037603704,11
90250,6037602002,1
90250,6037602103,2
90250,6037602104,3
90250,6037602105,4
90250,6037602106,5
90250,6037602200,6
90250,6037602301,7
90250,6037602302,8
90250,6037602402,9
90250,6037602403,10
90250,6037602404,11
90250,6037602504,12
90250,6037602505,13
90250,6037602506,14
90250,6037602507,15
90250,6037602508,16
90250,6037602509,17
90250,6037602700,18
90250,6037603702,19
90250,6037603703,20
90250,6037603704,21
90250,6037603801,22
90250,6037603900,23
90250,6037980028,24
90251,6037602106,1
90254,6037620702,1
90254,6037620904,2
90254,6037621001,3
90254,6037621002,4
90254,6037621004,5
90254,6037621102,6
90254,6037621104,7
90254,6037621204,8
90255,6037532400,1
90255,6037532500,2
90255,6037532603,3
90255,6037532604,4
90255,6037532605,5
90255,6037532606,6
90255,6037533103,7
90255,6037533104,8
90255,6037533105,9
90255,6037533106,10
90255,6037533107,11
90255,6037533201,12
90255,6037533202,13
90255,6037533203,14
90255,6037533501,15
90255,6037533502,16
90255,6037533503,17
90255,6037533602,18
90255,6037534301,19
90255,6037534403,20
90255,6037534501,21
90255,6037534502,22
90255,6037534700,23
90255,6037534802,24
90255,6037534803,25
90255,6037534804,26
90255,6037534900,27
90255,6037535300,28
90255,6037535501,29
90260,6037602302,1
90260,6037603702,2
90260,6037603704,3
90260,6037603801,4
90260,6037603802,5
90260,6037603900,6
90260,6037604001,7
90260,6037604002,8
90260,6037604100,9
90261,6037602302,1
90262,6037535605,1
90262,6037535607,2
90262,6037536103,3
90262,6037536104,4
90262,6037540000,5
90262,6037540101,6
90262,6037540102,7
90262,6037540201,8
90262,6037540202,9
90262,6037540203,10
90262,6037540300,11
90262,6037540501,12
90262,6037540502,13
90262,6037541700,14
90262,6037541801,15
90262,6037541802,16
90263,6037800410,1
90264,6037800408,1
90265,6037262604,1
90265,6037800102,2
90265,6037800326,3
90265,6037800330,4
90265,6037800406,5
90265,6037800408,6
90265,6037800410,7
90265,6037800504,8
90265,6037800506,9
90266,6037620201,1
90266,6037620301,2
90266,6037620303,3
90266,6037620305,4
90266,6037620400,5
90266,6037620800,6
90266,6037620901,7
90266,6037620904,8
90266,6037621002,9
90266,6037980030,10
90267,6037620901,1
90270,6037532304,1
90270,6037532400,2
90270,6037533300,3
90270,6037533401,4
90270,6037533402,5
90270,6037533403,6
90270,6037533501,7
90270,6037533701,8
90270,6037533702,9
90270,6037533703,10
90272,6037262400,1
90272,6037262501,2
90272,6037262601,3
90272,6037262604,4
90272,6037262704,5
90272,6037262706,6
90272,6037262802,7
90272,6037980019,8
90274,6037651302,1
90274,6037670201,2
90274,6037670202,3
90274,6037670324,4
90274,6037670326,5
90274,6037670328,6
90274,6037670403,7
90274,6037670405,8
90274,6037670406,9
90274,6037670411,10
90274,6037670413,11
90274,6037670500,12
90274,6037670602,13
90274,6037670702,14
90275,6037296300,1
90275,6037296401,2
90275,6037670324,3
90275,6037670326,4
90275,6037670403,5
90275,6037670405,6
90275,6037670406,7
90275,6037670407,8
90275,6037670411,9
90275,6037670413,10
90275,6037670416,11
90275,6037670500,12
90275,6037670602,13
90275,6037670701,14
90275,6037670702,15
90277,6037621104,1
90277,6037621201,2
90277,6037621204,3
90277,6037621301,4
90277,6037621324,5
90277,6037621326,6
90277,6037621400,7
90277,6037651302,8
90277,6037651304,9
90278,6037620501,1
90278,6037620521,2
90278,6037620522,3
90278,6037620601,4
90278,6037620602,5
90278,6037620701,6
90278,6037620702,7
90278,6037620800,8
90278,6037621102,9
90278,6037621201,10
90278,6037650300,11
90278,6037650501,12
90280,6037534301,1
90280,6037534501,2
90280,6037535501,3
90280,6037535502,4
90280,6037535503,5
90280,6037535603,6
90280,6037535604,7
90280,6037535605,8
90280,6037535606,9
90280,6037535607,10
90280,6037535701,11
90280,6037535702,12
90280,6037535802,13
90280,6037535803,14
90280,6037535804,15
90280,6037535901,16
90280,6037535902,17
90280,6037536000,18
90280,6037536102,19
90280,6037536103,20
90280,6037536104,21
90280,6037536200,22
90280,6037540101,23
90280,6037540201,24
90280,6037540202,25
90280,6037540300,26
90280,6037551501,27
90280,6037551600,28
90280,6037553601,29
90280,6037553602,30
90290,6037800101,1
90290,6037800102,2
90290,6037800506,3
90291,6037273100,1
90291,6037273200,2
90291,6037273300,3
90291,6037273402,4
90291,6037273502,5
90291,6037273600,6
90291,6037273700,7
90291,6037273800,8
90291,6037273902,9
90291,6037274100,10
90291,6037702803,11
90292,6037273902,1
90292,6037274100,2
90292,6037274202,3
90292,6037275302,4
90292,6037275400,5
90292,6037702803,6
90292,6037702901,7
90293,6037276601,1
90293,6037276603,2
90293,6037276604,3
90293,6037278102,4
90293,6037980028,5
90294,6037273502,1
90295,6037702901,1
90296,6037278102,1
90301,6037277400,1
90301,6037600702,2
90301,6037600902,3
90301,6037601001,4
90301,6037601002,5
90301,6037601100,6
90301,6037601202,7
90301,6037601211,8
90301,6037601212,9
90301,6037601302,10
90301,6037601401,11
90301,6037601402,12
90302,6037600902,1
90302,6037600911,2
90302,6037600912,3
90302,6037601301,4
90302,6037601302,5
90302,6037601303,6
90302,6037703002,7
90303,6037600501,1
90303,6037600502,2
90303,6037600601,3
90303,6037600602,4
90303,6037600702,5
90303,6037601700,6
90303,6037601801,7
90303,6037601802,8
90303,6037601900,9
90303,6037602002,10
90303,6037602003,11
90303,6037602004,12
90303,6037602509,13
90304,6037600502,1
90304,6037601100,2
90304,6037601202,3
90304,6037601402,4
90304,6037601501,5
90304,6037601502,6
90304,6037601600,7
90304,6037601700,8
90304,6037601801,9
90304,6037601802,10
90304,6037602103,11
90304,6037602104,12
90304,6037602200,13
90304,6037980013,14
90305,6037235202,1
90305,6037600702,2
90305,6037600703,3
90305,6037600704,4
90305,6037600801,5
90305,6037600802,6
90306,6037601001,1
90307,6037601001,1
90308,6037601001,1
90309,6037601001,1
90309,6037601303,2
90310,6037600502,1
90401,6037701402,1
90401,6037701501,2
90401,6037701502,3
90401,6037701702,4
90401,6037701802,5
90401,6037701902,6
90402,6037262706,1
90402,6037262802,2
90402,6037264000,3
90402,6037264302,4
90402,6037701201,5
90402,6037701202,6
90402,6037701304,7
90403,6037701201,1
90403,6037701202,2
90403,6037701302,3
90403,6037701304,4
90403,6037701402,5
90403,6037701501,6
90403,6037701502,7
90403,6037701601,8
90403,6037701602,9
90404,6037701502,1
90404,6037701602,2
90404,6037701701,3
90404,6037701702,4
90404,6037701801,5
90404,6037701802,6
90404,6037701902,7
90405,6037273100,1
90405,6037273300,2
90405,6037273402,3
90405,6037701801,4
90405,6037701802,5
90405,6037701902,6
90405,6037702002,7
90405,6037702102,8
90405,6037702201,9
90405,6037702202,10
90405,6037702300,11
90406,6037701902,1
90408,6037701501,1
90409,6037702102,1
90501,6037292000,1
90501,6037293201,2
90501,6037293202,3
90501,6037293302,4
90501,6037543602,5
90501,6037650401,6
90501,6037650800,7
90501,6037650901,8
90501,6037650902,9
90501,6037651001,10
90501,6037651002,11
90501,6037670001,12
90501,6037980005,13
90502,6037292000,1
90502,6037543501,2
90502,6037543502,3
90502,6037543503,4
90502,6037543602,5
90503,6037620702,1
90503,6037650401,2
90503,6037650501,3
90503,6037650502,4
90503,6037650602,5
90503,6037650603,6
90503,6037650604,7
90503,6037650605,8
90503,6037650701,9
90503,6037650702,10
90503,6037650800,11
90503,6037650901,12
90503,6037980005,13
90504,6037603302,1
90504,6037603400,2
90504,6037603600,3
90504,6037603702,4
90504,6037604100,5
90504,6037620602,6
90504,6037650001,7
90504,6037650003,8
90504,6037650004,9
90504,6037650101,10
90504,6037650102,11
90504,6037650200,12
90504,6037650300,13
90504,6037980005,14
90505,6037650701,1
90505,6037650702,2
90505,6037650800,3
90505,6037651002,4
90505,6037651101,5
90505,6037651102,6
90505,6037651201,7
90505,6037651221,8
90505,6037651222,9
90505,6037651302,10
90505,6037651304,11
90505,6037651401,12
90505,6037651402,13
90505,6037670003,14
90505,6037670201,15
90506,6037603702,1
90507,6037650901,1
90508,6037650901,1
90510,6037650800,1
90601,6037408302,1
90601,6037408303,2
90601,6037408402,3
90601,6037500300,4
90601,6037500403,5
90601,6037501002,6
90601,6037501200,7
90601,6037501300,8
90601,6037501400,9
90601,6037501501,10
90601,6037501503,11
90601,6037501504,12
90601,6037501600,13
90601,6037502100,14
90602,6037500202,1
90602,6037501400,2
90602,6037501504,3
90602,6037501600,4
90602,6037501700,5
90602,6037501802,6
90602,6037501803,7
90602,6037501804,8
90602,6037501900,9
90602,6037502003,10
90602,6037502004,11
90602,6037502005,12
90602,6037502100,13
90602,6037502902,14
90603,6037500201,1
90603,6037500202,2
90603,6037503301,3
90603,6037503302,4
90603,6037503401,5
90603,6037503402,6
90603,6037503501,7
90604,6037503103,1
90604,6037503104,2
90604,6037503105,3
90604,6037503106,4
90604,6037503201,5
90604,6037503202,6
90604,6037503302,7
90604,6037503501,8
90604,6037503502,9
90604,6037503601,10
90604,6037503701,11
90604,6037503702,12
90605,6037500202,1
90605,6037501600,2
90605,6037501700,3
90605,6037501802,4
90605,6037501900,5
90605,6037502005,6
90605,6037502901,7
90605,6037502902,8
90605,6037503000,9
90605,6037503103,10
90605,6037503104,11
90605,6037503105,12
90605,6037503202,13
90605,6037503301,14
90605,6037503302,15
90605,6037504102,16
90606,6037501001,1
90606,6037501002,2
90606,6037501200,3
90606,6037501300,4
90606,6037502003,5
90606,6037502004,6
90606,6037502100,7
90606,6037502200,8
90606,6037502301,9
90606,6037502302,10
90606,6037502700,11
90607,6037501700,1
90608,6037501504,1
90609,6037503402,1
90623,6037554519,1
90630,6037555103,1
90630,6037555212,2
90631,6037408703,1
90631,6037500100,2
90631,6037500201,3
90637,6037503802,1
90638,6037503105,1
90638,6037503106,2
90638,6037503601,3
90638,6037503602,4
90638,6037503702,5
90638,6037503703,6
90638,6037503801,7
90638,6037503802,8
90638,6037503901,9
90638,6037503902,10
90638,6037504001,11
90638,6037504002,12
90638,6037504101,13
90639,6037504001,1
90640,6037482522,1
90640,6037482800,2
90640,6037500700,3
90640,6037502500,4
90640,6037530003,5
90640,6037530004,6
90640,6037530005,7
90640,6037530006,8
90640,6037530101,9
90640,6037530102,10
90640,6037530202,11
90640,6037530203,12
90640,6037530204,13
90640,6037531800,14
90640,6037531901,15
90640,6037531902,16
90640,6037532001,17
90640,6037532002,18
90640,6037532101,19
90640,6037532102,20
90640,6037532200,21
90640,6037532303,22
90640,6037532304,23
90650,6037504102,1
90650,6037550000,2
90650,6037550100,3
90650,6037550201,4
90650,6037550202,5
90650,6037550300,6
90650,6037551900,7
90650,6037552001,8
90650,6037552002,9
90650,6037552100,10
90650,6037552200,11
90650,6037552301,12
90650,6037552302,13
90650,6037552400,14
90650,6037552601,15
90650,6037552602,16
90650,6037552700,17
90650,6037552800,18
90650,6037552900,19
90650,6037553000,20
90650,6037554513,21
90650,6037554521,22
90650,6037554600,23
90650,6037554700,24
90651,6037552100,1
90652,6037550100,1
90660,6037500300,1
90660,6037500402,2
90660,6037500403,3
90660,6037500404,4
90660,6037500500,5
90660,6037500600,6
90660,6037500700,7
90660,6037500800,8
90660,6037500900,9
90660,6037502401,10
90660,6037502402,11
90660,6037502500,12
90660,6037502601,13
90660,6037502602,14
90662,6037502602,1
90670,6037502302,1
90670,6037502700,2
90670,6037502801,3
90670,6037502802,4
90670,6037502902,5
90670,6037503000,6
90670,6037504101,7
90670,6037504102,8
90670,6037550000,9
90670,6037550201,10
90701,6037554514,1
90701,6037554515,2
90701,6037554516,3
90701,6037554801,4
90701,6037554802,5
90701,6037554900,6
90702,6037554802,1
90703,6037504102,1
90703,6037552602,2
90703,6037553000,3
90703,6037554406,4
90703,6037554511,5
90703,6037554512,6
90703,6037554513,7
90703,6037554514,8
90703,6037554515,9
90703,6037554516,10
90703,6037554517,11
90703,6037554518,12
90703,6037554519,13
90703,6037554521,14
90703,6037554522,15
90703,6037554600,16
90703,6037554900,17
90703,6037555001,18
90703,6037570901,19
90704,6037599000,1
90704,6037599100,2
90706,6037551800,1
90706,6037553100,2
90706,6037553200,3
90706,6037553300,4
90706,6037554001,5
90706,6037554002,6
90706,6037554101,7
90706,6037554103,8
90706,6037554104,9
90706,6037554105,10
90706,6037554201,11
90706,6037554203,12
90706,6037554204,13
90706,6037554301,14
90706,6037554302,15
90706,6037554403,16
90706,6037554404,17
90706,6037554405,18
90706,6037554406,19
90706,6037570001,20
90707,6037554204,1
90710,6037293202,1
90710,6037293301,2
90710,6037293302,3
90710,6037293304,4
90710,6037293306,5
90710,6037293307,6
90710,6037294410,7
90710,6037294421,8
90710,6037543602,9
90710,6037543603,10
90710,6037670100,11
90710,6037980015,12
90711,6037570003,1
90712,6037570002,1
90712,6037570003,2
90712,6037570603,3
90712,6037570701,4
90712,6037570702,5
90712,6037570800,6
90712,6037571300,7
90712,6037571400,8
90712,6037571503,9
90713,6037554406,1
90713,6037570001,2
90713,6037570002,3
90713,6037570800,4
90713,6037570901,5
90713,6037570902,6
90713,6037571000,7
90713,6037571101,8
90713,6037571102,9
90713,6037571200,10
90713,6037573601,11
90714,6037570800,1
90715,6037555001,1
90715,6037555002,2
90715,6037555102,3
90715,6037555103,4
90715,6037555104,5
90716,6037555102,1
90716,6037555104,2
90716,6037555211,3
90716,6037555212,4
90717,6037293302,1
90717,6037293304,2
90717,6037293306,3
90717,6037293307,4
90717,6037651001,5
90717,6037651101,6
90717,6037651401,7
90717,6037670001,8
90717,6037670002,9
90717,6037670003,10
90717,6037670100,11
90717,6037670201,12
90717,6037670701,13
90717,6037980015,14
90723,6037536200,1
90723,6037542106,2
90723,6037553400,3
90723,6037553502,4
90723,6037553503,5
90723,6037553504,6
90723,6037553601,7
90723,6037553602,8
90723,6037553701,9
90723,6037553702,10
90723,6037553801,11
90723,6037553802,12
90723,6037553901,13
90723,6037553902,14
90723,6037554301,15
90731,6037294701,1
90731,6037295103,2
90731,6037296210,3
90731,6037296220,4
90731,6037296300,5
90731,6037296402,6
90731,6037296500,7
90731,6037296600,8
90731,6037296901,9
90731,6037296902,10
90731,6037297000,11
90731,6037297110,12
90731,6037297120,13
90731,6037297201,14
90731,6037297202,15
90731,6037297300,16
90731,6037297500,17
90731,6037297601,18
90731,6037297602,19
90731,6037609900,20
90731,6037980015,21
90731,6037980031,22
90731,6037980033,23
90732,6037295103,1
90732,6037296300,2
90732,6037296401,3
90732,6037296402,4
90732,6037297000,5
90732,6037297300,6
90732,6037297400,7
90732,6037297500,8
90732,6037609900,9
90732,6037670701,10
90732,6037670702,11
90732,6037980015,12
90733,6037297110,1
90734,6037670701,1
90744,6037294110,1
90744,6037294120,2
90744,6037294200,3
90744,6037294301,4
90744,6037294302,5
90744,6037294410,6
90744,6037294510,7
90744,6037294520,8
90744,6037294610,9
90744,6037294620,10
90744,6037294701,11
90744,6037294810,12
90744,6037294820,13
90744,6037294830,14
90744,6037294900,15
90744,6037543703,16
90744,6037980002,17
90744,6037980014,18
90744,6037980015,19
90744,6037980031,20
90745,6037294110,1
90745,6037543306,2
90745,6037543501,3
90745,6037543601,4
90745,6037543604,5
90745,6037543701,6
90745,6037543702,7
90745,6037543703,8
90745,6037543801,9
90745,6037543802,10
90745,6037543903,11
90745,6037543905,12
90745,6037980002,13
90746,6037541002,1
90746,6037543100,2
90746,6037543304,3
90746,6037543305,4
90746,6037543306,5
90746,6037543321,6
90746,6037543322,7
90746,6037543400,8
90746,6037980025,9
90747,6037543321,1
90748,6037294610,1
90749,6037543306,1
90749,6037543903,2
90755,6037572202,1
90755,6037573300,2
90755,6037573401,3
90755,6037573402,4
90755,6037573403,5
90755,6037574202,6
90755,6037575001,7
90755,6037980018,8
90801,6037576200,1
90802,6037575901,1
90802,6037575902,2
90802,6037576001,3
90802,6037576200,4
90802,6037576501,5
90802,6037576502,6
90802,6037576503,7
90802,6037576601,8
90802,6037576602,9
90802,6037576801,10
90802,6037980033,11
90803,6037576602,1
90803,6037576700,2
90803,6037576801,3
90803,6037577100,4
90803,6037577200,5
90803,6037577300,6
90803,6037577400,7
90803,6037577501,8
90803,6037577504,9
90803,6037577602,10
90803,6037577603,11
90803,6037577604,12
90803,6037980007,13
90804,6037573403,1
90804,6037574800,2
90804,6037574902,3
90804,6037575001,4
90804,6037575002,5
90804,6037575101,6
90804,6037575102,7
90804,6037575103,8
90804,6037576801,9
90804,6037576802,10
90804,6037576901,11
90804,6037576903,12
90804,6037576904,13
90804,6037577000,14
90804,6037577100,15
90804,6037577602,16
90804,6037577603,17
90805,6037542402,1
90805,6037543305,2
90805,6037570100,3
90805,6037570202,4
90805,6037570203,5
90805,6037570204,6
90805,6037570301,7
90805,6037570303,8
90805,6037570304,9
90805,6037570402,10
90805,6037570403,11
90805,6037570404,12
90805,6037570501,13
90805,6037570502,14
90805,6037570601,15
90805,6037570602,16
90805,6037570603,17
90805,6037570701,18
90805,6037571502,19
90805,6037571503,20
90805,6037571600,21
90805,6037571701,22
90805,6037571703,23
90805,6037571704,24
90805,6037571800,25
90806,6037572100,1
90806,6037572201,2
90806,6037572202,3
90806,6037573002,4
90806,6037573003,5
90806,6037573004,6
90806,6037573100,7
90806,6037573201,8
90806,6037573202,9
90806,6037573300,10
90806,6037573401,11
90806,6037574202,12
90806,6037575101,13
90806,6037575201,14
90806,6037575202,15
90806,6037575300,16
90806,6037575401,17
90806,6037575402,18
90806,6037980018,19
90807,6037570304,1
90807,6037571400,2
90807,6037571502,3
90807,6037571503,4
90807,6037571504,5
90807,6037571800,6
90807,6037571900,7
90807,6037572001,8
90807,6037572002,9
90807,6037572201,10
90807,6037573401,11
90807,6037980018,12
90808,6037555002,1
90808,6037555202,2
90808,6037570800,3
90808,6037571200,4
90808,6037573601,5
90808,6037573700,6
90808,6037573800,7
90808,6037573902,8
90808,6037574000,9
90808,6037574100,10
90808,6037574300,11
90808,6037980006,12
90808,6037980018,13
90809,6037574202,1
90810,6037543306,1
90810,6037544001,2
90810,6037544002,3
90810,6037571701,4
90810,6037571800,5
90810,6037572301,6
90810,6037572302,7
90810,6037572400,8
90810,6037572500,9
90810,6037572600,10
90810,6037572700,11
90810,6037572800,12
90810,6037572900,13
90810,6037575500,14
90810,6037980002,15
90810,6037980014,16
90810,6037980025,17
90813,6037575101,1
90813,6037575102,2
90813,6037575201,3
90813,6037575202,4
90813,6037575300,5
90813,6037575401,6
90813,6037575402,7
90813,6037575500,8
90813,6037575801,9
90813,6037575802,10
90813,6037575803,11
90813,6037575901,12
90813,6037575902,13
90813,6037576200,14
90813,6037576301,15
90813,6037576302,16
90813,6037576401,17
90813,6037576402,18
90813,6037576403,19
90813,6037576501,20
90813,6037576502,21
90813,6037576503,22
90813,6037576901,23
90813,6037980033,24
90814,6037576700,1
90814,6037576801,2
90814,6037576802,3
90814,6037577100,4
90814,6037577602,5
90814,6037577603,6
90815,6037573902,1
90815,6037574000,2
90815,6037574201,3
90815,6037574202,4
90815,6037574300,5
90815,6037574400,6
90815,6037574500,7
90815,6037574601,8
90815,6037574602,9
90815,6037574700,10
90815,6037574800,11
90815,6037574901,12
90815,6037574902,13
90815,6037575001,14
90815,6037980006,15
90815,6037980018,16
90822,6037574202,1
90822,6037574700,2
90822,6037575001,3
90822,6037576001,4
90822,6037980018,5
90831,6037576001,1
90832,6037576001,1
90833,6037576001,1
90840,6037574601,1
90840,6037574700,2
90844,6037576001,1
90846,6037573601,1
90853,6037577300,1
90853,6037577400,2
90895,6037544001,1
91001,6037460100,1
91001,6037460200,2
91001,6037460301,3
91001,6037460302,4
91001,6037460401,5
91001,6037460900,6
91001,6037461000,7
91001,6037461100,8
91001,6037461200,9
91001,6037461300,10
91001,6037461502,11
91001,6037930101,12
91003,6037461100,1
91006,6037404600,1
91006,6037430400,2
91006,6037430502,3
91006,6037430600,4
91006,6037430721,5
91006,6037430801,6
91006,6037430802,7
91006,6037430803,8
91006,6037430902,9
91006,6037431300,10
91006,6037431400,11
91006,6037431502,12
91006,6037431600,13
91006,6037431700,14
91006,6037432500,15
91007,6037430701,1
91007,6037430721,2
91007,6037430723,3
91007,6037430724,4
91007,6037431600,5
91007,6037431700,6
91007,6037431800,7
91007,6037431900,8
91007,6037432000,9
91007,6037463101,10
91008,6037430002,1
91008,6037430003,2
91008,6037430200,3
91008,6037431002,4
91009,6037430101,1
91010,6037400603,1
91010,6037404600,2
91010,6037430002,3
91010,6037430003,4
91010,6037430101,5
91010,6037430102,6
91010,6037430200,7
91010,6037431100,8
91010,6037431200,9
91011,6037300501,1
91011,6037300502,2
91011,6037300800,3
91011,6037300901,4
91011,6037460401,5
91011,6037460501,6
91011,6037460502,7
91011,6037460600,8
91011,6037460700,9
91011,6037460800,10
91012,6037460502,1
91016,6037404600,1
91016,6037430101,2
91016,6037430200,3
91016,6037430301,4
91016,6037430302,5
91016,6037430400,6
91016,6037430803,7
91016,6037430901,8
91016,6037430902,9
91016,6037431001,10
91016,6037431002,11
91016,6037431100,12
91016,6037431200,13
91016,6037431300,14
91016,6037431400,15
91017,6037431001,1
91020,6037300200,1
91020,6037300501,2
91020,6037300502,3
91020,6037300600,4
91020,6037300800,5
91021,6037300502,1
91023,6037930101,1
91024,6037430400,1
91024,6037430501,2
91024,6037430502,3
91024,6037430600,4
91025,6037430502,1
91030,6037183103,1
91030,6037183104,2
91030,6037463900,3
91030,6037464000,4
91030,6037464100,5
91030,6037480400,6
91030,6037480500,7
91030,6037480600,8
91030,6037480702,9
91030,6037480703,10
91030,6037480704,11
91031,6037480500,1
91040,6037101400,1
91040,6037102107,2
91040,6037103101,3
91040,6037103102,4
91040,6037103200,5
91040,6037103300,6
91040,6037103400,7
91040,6037930200,8
91040,6037980021,9
91040,6037980026,10
91041,6037103200,1
91042,6037101110,1
91042,6037101122,2
91042,6037101210,3
91042,6037101220,4
91042,6037101300,5
91042,6037101400,6
91042,6037103101,7
91042,6037103102,8
91042,6037103400,9
91042,6037930101,10
91042,6037930200,11
91042,6037980026,12
91043,6037101210,1
91046,6037300600,1
91066,6037430801,1
91077,6037430724,1
91101,6037461901,1
91101,6037461902,2
91101,6037462201,3
91101,6037462202,4
91101,6037462301,5
91101,6037462302,6
91101,6037463500,7
91101,6037463601,8
91101,6037463602,9
91102,6037461902,1
91103,6037460401,1
91103,6037460700,2
91103,6037460800,3
91103,6037460900,4
91103,6037461000,5
91103,6037461502,6
91103,6037461600,7
91103,6037461700,8
91103,6037461901,9
91103,6037461902,10
91103,6037462001,11
91103,6037462002,12
91104,6037461300,1
91104,6037461400,2
91104,6037461501,3
91104,6037461502,4
91104,6037461901,5
91104,6037462001,6
91104,6037462100,7
91104,6037462201,8
91104,6037462301,9
91104,6037462400,10
91104,6037462500,11
91104,6037462600,12
91104,6037462700,13
91104,6037462800,14
91105,6037181000,1
91105,6037181500,2
91105,6037460800,3
91105,6037461700,4
91105,6037461902,5
91105,6037463602,6
91105,6037463700,7
91105,6037463800,8
91105,6037463900,9
91105,6037464000,10
91106,6037462301,1
91106,6037462302,2
91106,6037462400,3
91106,6037462600,4
91106,6037462700,5
91106,6037463400,6
91106,6037463500,7
91106,6037463601,8
91106,6037463602,9
91106,6037464000,10
91106,6037464100,11
91107,6037460000,1
91107,6037460100,2
91107,6037461200,3
91107,6037461300,4
91107,6037462500,5
91107,6037462700,6
91107,6037462800,7
91107,6037462900,8
91107,6037463000,9
91107,6037463101,10
91107,6037463102,11
91107,6037463200,12
91107,6037463300,13
91107,6037463400,14
91108,6037463500,1
91108,6037464000,2
91108,6037464100,3
91108,6037464200,4
91108,6037480002,5
91109,6037461901,1
91114,6037462002,1
91115,6037463700,1
91116,6037462302,1
91117,6037463200,1
91118,6037464200,1
91121,6037462900,1
91123,6037463700,1
91124,6037461902,1
91125,6037463500,1
91126,6037463500,1
91129,6037463700,1
91182,6037462202,1
91184,6037463700,1
91185,6037480400,1
91188,6037461902,1
91189,6037464000,1
91199,6037461902,1
91201,6037300702,1
91201,6037301205,2
91201,6037301206,3
91201,6037301300,4
91201,6037301400,5
91201,6037301501,6
91201,6037301502,7
91201,6037301601,8
91201,6037301602,9
91201,6037310100,10
91201,6037310202,11
91201,6037310703,12
91201,6037980009,13
91202,6037300702,1
91202,6037301100,2
91202,6037301203,3
91202,6037301204,4
91202,6037301205,5
91202,6037301206,6
91202,6037301300,7
91202,6037301701,8
91202,6037301801,9
91203,6037301701,1
91203,6037301702,2
91203,6037301801,3
91203,6037301802,4
91203,6037301900,5
91203,6037302002,6
91204,6037301702,1
91204,6037301802,2
91204,6037302201,3
91204,6037302202,4
91204,6037302301,5
91204,6037302302,6
91204,6037302401,7
91204,6037302503,8
91204,6037302504,9
91204,6037302505,10
91205,6037186100,1
91205,6037186401,2
91205,6037302002,3
91205,6037302003,4
91205,6037302004,5
91205,6037302102,6
91205,6037302103,7
91205,6037302104,8
91205,6037302201,9
91205,6037302202,10
91205,6037302503,11
91205,6037302504,12
91205,6037302505,13
91205,6037302506,14
91206,6037300800,1
91206,6037300901,2
91206,6037300902,3
91206,6037301000,4
91206,6037301900,5
91206,6037302002,6
91206,6037302003,7
91206,6037302004,8
91206,6037302104,9
91206,6037302201,10
91206,6037460700,11
91207,6037300701,1
91207,6037300702,2
91207,6037301000,3
91207,6037301100,4
91208,6037300400,1
91208,6037300600,2
91208,6037300701,3
91208,6037300702,4
91208,6037300800,5
91208,6037300901,6
91209,6037302002,1
91210,6037302301,1
91214,6037101300,1
91214,6037300100,2
91214,6037300200,3
91214,6037300301,4
91214,6037300400,5
91214,6037300501,6
91214,6037300600,7
91214,6037300701,8
91221,6037301601,1
91222,6037301206,1
91224,6037300400,1
91225,6037302505,1
91226,6037302004,1
91301,6037800324,1
91301,6037800326,2
91301,6037800327,3
91301,6037800328,4
91301,6037800329,5
91301,6037800330,6
91301,6037800332,7
91302,6037137402,1
91302,6037800101,2
91302,6037800102,3
91302,6037800202,4
91302,6037800203,5
91302,6037800204,6
91302,6037800328,7
91302,6037800329,8
91302,6037800330,9
91302,6037800504,10
91303,6037134001,1
91303,6037134002,2
91303,6037134303,3
91303,6037134304,4
91303,6037134520,5
91303,6037134521,6
91303,6037134522,7
91303,6037134903,8
91303,6037134904,9
91303,6037135111,10
91303,6037135114,11
91304,6037113231,1
91304,6037113232,2
91304,6037113233,3
91304,6037113234,4
91304,6037113235,5
91304,6037113421,6
91304,6037113422,7
91304,6037134001,8
91304,6037134201,9
91304,6037134302,10
91304,6037134304,11
91304,6037134305,12
91304,6037134306,13
91304,6037134421,14
91304,6037134422,15
91304,6037134423,16
91304,6037134424,17
91304,6037134521,18
91304,6037134522,19
91304,6037980023,20
91305,6037134522,1
91306,6037113234,1
91306,6037113401,2
91306,6037113421,3
91306,6037113422,4
91306,6037134002,5
91306,6037134101,6
91306,6037134103,7
91306,6037134104,8
91306,6037134201,9
91306,6037134710,10
91306,6037134720,11
91306,6037134800,12
91306,6037134904,13
91307,6037134302,1
91307,6037134303,2
91307,6037134421,3
91307,6037134422,4
91307,6037134424,5
91307,6037135102,6
91307,6037135111,7
91307,6037135201,8
91307,6037135202,9
91307,6037135203,10
91308,6037134422,1
91309,6037134305,1
91310,6037920106,1
91311,6037108202,1
91311,6037113101,2
91311,6037113102,3
91311,6037113211,4
91311,6037113212,5
91311,6037113213,6
91311,6037113232,7
91311,6037113233,8
91311,6037113234,9
91311,6037113235,10
91311,6037113237,11
91311,6037113301,12
91311,6037113303,13
91311,6037113321,14
91311,6037113322,15
91311,6037113421,16
91311,6037920303,17
91311,6037980023,18
91313,6037113213,1
91316,6037132700,1
91316,6037132900,2
91316,6037139001,3
91316,6037139200,4
91316,6037139502,5
91316,6037139503,6
91316,6037139504,7
91316,6037139600,8
91316,6037139701,9
91316,6037139702,10
91316,6037139703,11
91316,6037980024,12
91321,6037920031,1
91321,6037920042,2
91321,6037920043,3
91321,6037920312,4
91321,6037920313,5
91321,6037920314,6
91321,6037920322,7
91321,6037920326,8
91321,6037920332,9
91321,6037920334,10
91321,6037920336,11
91321,6037920337,12
91321,6037930200,13
91322,6037920313,1
91324,6037111204,1
91324,6037111205,2
91324,6037111206,3
91324,6037113301,4
91324,6037113303,5
91324,6037113322,6
91324,6037113401,7
91324,6037115201,8
91324,6037115202,9
91324,6037115301,10
91324,6037115302,11
91324,6037115403,12
91324,6037115404,13
91324,6037131010,14
91324,6037131600,15
91325,6037111205,1
91325,6037111206,2
91325,6037111301,3
91325,6037111302,4
91325,6037111400,5
91325,6037115101,6
91325,6037115103,7
91325,6037115104,8
91325,6037115201,9
91325,6037115202,10
91325,6037115401,11
91325,6037115403,12
91325,6037117302,13
91325,6037131100,14
91325,6037131200,15
91325,6037131300,16
91325,6037131400,17
91326,6037108101,1
91326,6037108102,2
91326,6037108103,3
91326,6037108104,4
91326,6037108201,5
91326,6037108202,6
91326,6037111204,7
91326,6037111206,8
91326,6037111301,9
91326,6037113102,10
91326,6037920303,11
91327,6037108102,1
91328,6037115201,1
91329,6037117302,1
91330,6037115103,1
91330,6037115201,2
91331,6037104105,1
91331,6037104108,2
91331,6037104201,3
91331,6037104203,4
91331,6037104204,5
91331,6037104310,6
91331,6037104320,7
91331,6037104401,8
91331,6037104403,9
91331,6037104404,10
91331,6037104500,11
91331,6037104610,12
91331,6037104620,13
91331,6037104701,14
91331,6037104703,15
91331,6037104704,16
91331,6037104810,17
91331,6037104821,18
91331,6037104822,19
91331,6037109601,20
91331,6037119001,21
91331,6037119002,22
91331,6037119201,23
91331,6037119202,24
91331,6037119310,25
91331,6037119341,26
91331,6037119400,27
91331,6037119700,28
91331,6037119800,29
91331,6037119900,30
91331,6037120105,31
91331,6037120400,32
91331,6037121210,33
91331,6037122000,34
91331,6037980021,35
91333,6037104404,1
91334,6037119002,1
91335,6037131010,1
91335,6037131020,2
91335,6037131300,3
91335,6037131400,4
91335,6037131600,5
91335,6037131701,6
91335,6037131702,7
91335,6037131800,8
91335,6037132300,9
91335,6037132501,10
91335,6037132502,11
91335,6037132700,12
91335,6037132900,13
91335,6037133000,14
91335,6037133100,15
91335,6037134901,16
91337,6037131800,1
91340,6037104201,1
91340,6037104310,2
91340,6037106114,3
91340,6037106403,4
91340,6037106648,5
91340,6037106649,6
91340,6037107020,7
91340,6037109400,8
91340,6037109500,9
91340,6037320100,10
91340,6037320201,11
91340,6037320202,12
91340,6037320300,13
91341,6037320300,1
91342,6037103200,1
91342,6037104103,2
91342,6037104105,3
91342,6037104108,4
91342,6037104124,5
91342,6037104201,6
91342,6037104204,7
91342,6037106010,8
91342,6037106020,9
91342,6037106111,10
91342,6037106112,11
91342,6037106113,12
91342,6037106114,13
91342,6037106403,14
91342,6037106405,15
91342,6037106406,16
91342,6037106407,17
91342,6037106408,18
91342,6037106510,19
91342,6037106520,20
91342,6037106603,21
91342,6037106604,22
91342,6037106648,23
91342,6037106649,24
91342,6037107010,25
91342,6037107020,26
91342,6037320201,27
91342,6037320300,28
91342,6037930200,29
91342,6037980021,30
91342,6037980022,31
91343,6037109800,1
91343,6037111400,2
91343,6037115101,3
91343,6037115401,4
91343,6037117101,5
91343,6037117102,6
91343,6037117201,7
91343,6037117202,8
91343,6037117301,9
91343,6037117302,10
91343,6037117303,11
91343,6037117404,12
91343,6037117405,13
91343,6037117407,14
91343,6037117408,15
91343,6037117510,16
91343,6037117520,17
91343,6037117530,18
91343,6037980008,19
91344,6037106603,1
91344,6037106641,2
91344,6037106642,3
91344,6037106643,4
91344,6037106645,5
91344,6037106646,6
91344,6037109200,7
91344,6037109300,8
91344,6037109700,9
91344,6037109800,10
91344,6037111100,11
91344,6037111201,12
91344,6037111202,13
91344,6037111206,14
91344,6037111301,15
91344,6037111400,16
91344,6037980022,17
91345,6037109100,1
91345,6037109400,2
91345,6037109601,3
91345,6037109603,4
91345,6037109604,5
91345,6037109700,6
91345,6037117102,7
91345,6037117201,8
91345,6037119310,9
91346,6037109100,1
91350,6037920013,1
91350,6037920015,2
91350,6037920016,3
91350,6037920017,4
91350,6037920018,5
91350,6037920020,6
91350,6037920028,7
91350,6037920030,8
91350,6037920031,9
91350,6037920032,10
91350,6037920044,11
91350,6037920045,12
91350,6037920111,13
91350,6037920112,14
91350,6037920115,15
91350,6037920314,16
91351,6037910807,1
91351,6037920013,2
91351,6037920023,3
91351,6037920026,4
91351,6037920028,5
91351,6037920029,6
91351,6037920030,7
91351,6037920031,8
91351,6037920033,9
91351,6037920034,10
91351,6037920035,11
91351,6037920036,12
91351,6037920037,13
91351,6037920038,14
91351,6037920040,15
91351,6037920042,16
91352,6037102103,1
91352,6037102104,2
91352,6037102105,3
91352,6037102107,4
91352,6037103300,5
91352,6037104703,6
91352,6037121010,7
91352,6037121101,8
91352,6037121102,9
91352,6037121210,10
91352,6037121221,11
91352,6037121222,12
91352,6037121802,13
91352,6037121900,14
91352,6037122000,15
91352,6037122120,16
91352,6037122121,17
91352,6037122122,18
91352,6037122200,19
91352,6037123010,20
91352,6037123020,21
91353,6037122122,1
91354,6037920102,1
91354,6037920107,2
91354,6037920108,3
91354,6037920109,4
91354,6037920110,5
91354,6037920111,6
91354,6037920112,7
91354,6037920114,8
91354,6037920115,9
91355,6037920106,1
91355,6037920107,2
91355,6037920108,3
91355,6037920114,4
91355,6037920115,5
91355,6037920118,6
91355,6037920314,7
91355,6037920322,8
91355,6037920328,9
91355,6037920329,10
91355,6037920330,11
91355,6037920331,12
91355,6037920334,13
91355,6037920336,14
91355,6037920339,15
91356,6037137501,1
91356,6037137504,2
91356,6037139200,3
91356,6037139301,4
91356,6037139302,5
91356,6037139303,6
91356,6037139401,7
91356,6037139402,8
91356,6037139502,9
91356,6037139703,10
91356,6037139801,11
91356,6037139802,12
91357,6037139401,1
91361,6037800325,1
91361,6037800326,2
91362,6037800324,1
91362,6037800331,2
91364,6037137201,1
91364,6037137401,2
91364,6037137402,3
91364,6037137501,4
91364,6037137502,5
91364,6037137504,6
91364,6037138000,7
91364,6037139402,8
91364,6037800101,9
91364,6037800102,10
91364,6037800204,11
91365,6037135113,1
91367,6037134901,1
91367,6037134905,2
91367,6037135102,3
91367,6037135113,4
91367,6037135114,5
91367,6037135201,6
91367,6037135202,7
91367,6037135203,8
91367,6037137103,9
91367,6037137104,10
91367,6037137201,11
91367,6037137301,12
91367,6037137302,13
91367,6037137401,14
91367,6037137502,15
91367,6037139301,16
91367,6037800204,17
91371,6037134905,1
91372,6037800204,1
91376,6037800327,1
91380,6037920115,1
91381,6037920326,1
91381,6037920338,2
91381,6037920339,3
91383,6037920106,1
91384,6037920102,1
91384,6037920104,2
91384,6037920106,3
91384,6037920116,4
91384,6037920118,5
91384,6037920119,6
91384,6037920200,7
91384,6037920339,8
91385,6037920334,1
91386,6037920037,1
91387,6037910807,1
91387,6037910808,2
91387,6037910809,3
91387,6037910810,4
91387,6037910811,5
91387,6037920037,6
91387,6037920038,7
91387,6037920039,8
91387,6037920040,9
91387,6037920041,10
91387,6037920042,11
91387,6037920043,12
91387,6037930200,13
91390,6037901213,1
91390,6037910805,2
91390,6037910807,3
91390,6037910808,4
91390,6037910810,5
91390,6037910811,6
91390,6037910813,7
91390,6037920011,8
91390,6037920012,9
91390,6037920015,10
91390,6037920016,11
91390,6037920020,12
91390,6037920026,13
91390,6037920032,14
91390,6037920102,15
91392,6037106114,1
91393,6037117101,1
91394,6037111202,1
91395,6037109604,1
91396,6037134104,1
91401,6037123510,1
91401,6037123520,2
91401,6037123601,3
91401,6037123602,4
91401,6037124500,5
91401,6037124600,6
91401,6037124700,7
91401,6037127806,8
91401,6037128101,9
91401,6037128102,10
91401,6037128210,11
91401,6037128220,12
91401,6037128303,13
91401,6037128400,14
91401,6037128500,15
91401,6037128601,16
91401,6037128602,17
91401,6037128802,18
91402,6037117101,1
91402,6037117102,2
91402,6037117530,3
91402,6037119310,4
91402,6037119320,5
91402,6037119340,6
91402,6037119341,7
91402,6037119342,8
91402,6037119700,9
91402,6037119900,10
91402,6037120010,11
91402,6037120020,12
91402,6037120030,13
91402,6037120103,14
91402,6037120104,15
91402,6037120105,16
91402,6037120106,17
91402,6037120107,18
91402,6037120108,19
91402,6037120300,20
91402,6037120400,21
91402,6037127520,22
91403,6037128702,1
91403,6037128801,2
91403,6037128802,3
91403,6037128910,4
91403,6037141201,5
91403,6037141202,6
91403,6037141302,7
91403,6037141303,8
91403,6037141304,9
91403,6037141400,10
91403,6037141500,11
91403,6037141600,12
91404,6037127806,1
91404,6037128210,2
91405,6037123510,1
91405,6037127102,2
91405,6037127103,3
91405,6037127104,4
91405,6037127210,5
91405,6037127220,6
91405,6037127300,7
91405,6037127712,8
91405,6037127803,9
91405,6037127804,10
91405,6037127805,11
91405,6037127806,12
91405,6037127910,13
91405,6037127920,14
91405,6037128101,15
91405,6037128102,16
91406,6037127300,1
91406,6037127400,2
91406,6037127520,3
91406,6037127603,4
91406,6037127604,5
91406,6037127605,6
91406,6037127606,7
91406,6037127711,8
91406,6037127712,9
91406,6037131100,10
91406,6037131900,11
91406,6037132001,12
91406,6037132002,13
91406,6037132101,14
91406,6037132102,15
91406,6037980008,16
91406,6037980024,17
91407,6037127806,1
91407,6037128210,2
91408,6037127806,1
91408,6037128210,2
91409,6037127400,1
91411,6037127711,1
91411,6037127805,2
91411,6037127806,3
91411,6037128302,4
91411,6037128303,5
91411,6037128400,6
91411,6037128801,7
91411,6037128802,8
91412,6037120104,1
91413,6037128910,1
91416,6037139200,1
91423,6037124600,1
91423,6037124700,2
91423,6037128500,3
91423,6037128602,4
91423,6037128702,5
91423,6037141101,6
91423,6037141102,7
91423,6037141201,8
91423,6037141202,9
91423,6037141600,10
91423,6037141700,11
91423,6037143400,12
91423,6037143500,13
91423,6037143902,14
91426,6037139701,1
91436,6037139701,1
91436,6037139702,2
91436,6037141400,3
91436,6037141500,4
91436,6037980024,5
91470,6037127604,1
91482,6037127604,1
91495,6037128910,1
91496,6037128910,1
91501,6037310100,1
91501,6037310201,2
91501,6037310202,3
91501,6037310300,4
91501,6037310602,5
91501,6037310701,6
91501,6037310702,7
91501,6037310703,8
91502,6037301602,1
91502,6037310501,2
91502,6037310602,3
91502,6037310701,4
91502,6037310702,5
91502,6037310703,6
91502,6037310800,7
91502,6037310900,8
91502,6037311801,9
91502,6037311802,10
91503,6037310702,1
91504,6037102104,1
91504,6037102105,2
91504,6037310100,3
91504,6037310300,4
91504,6037310400,5
91504,6037310501,6
91504,6037310601,7
91504,6037310602,8
91505,6037102105,1
91505,6037122200,2
91505,6037123103,3
91505,6037125600,4
91505,6037189701,5
91505,6037310400,6
91505,6037310501,7
91505,6037310800,8
91505,6037310900,9
91505,6037311000,10
91505,6037311100,11
91505,6037311200,12
91505,6037311300,13
91505,6037311400,14
91505,6037311500,15
91505,6037311600,16
91505,6037311700,17
91505,6037980001,18
91506,6037301602,1
91506,6037310800,2
91506,6037310900,3
91506,6037311000,4
91506,6037311700,5
91506,6037311801,6
91506,6037311802,7
91507,6037311000,1
91508,6037310601,1
91508,6037310702,2
91510,6037311000,1
91521,6037311700,1
91522,6037311600,1
91523,6037311600,1
91601,6037123902,1
91601,6037124102,2
91601,6037124203,3
91601,6037124204,4
91601,6037124300,5
91601,6037125100,6
91601,6037125200,7
91601,6037125310,8
91601,6037125320,9
91601,6037125401,10
91601,6037125402,11
91601,6037125501,12
91601,6037125502,13
91601,6037125600,14
91602,6037125200,1
91602,6037125402,2
91602,6037125502,3
91602,6037125600,4
91602,6037143100,5
91602,6037143200,6
91602,6037143300,7
91602,6037143603,8
91603,6037125320,1
91604,6037124700,1
91604,6037143200,2
91604,6037143300,3
91604,6037143400,4
91604,6037143500,5
91604,6037143602,6
91604,6037143603,7
91604,6037143604,8
91604,6037143700,9
91604,6037143800,10
91604,6037143901,11
91604,6037143902,12
91604,6037320000,13
91605,6037121010,1
91605,6037121020,2
91605,6037121600,3
91605,6037121801,4
91605,6037121802,5
91605,6037121900,6
91605,6037122000,7
91605,6037122120,8
91605,6037122121,9
91605,6037122410,10
91605,6037122420,11
91605,6037123010,12
91605,6037123103,13
91605,6037123203,14
91605,6037123204,15
91605,6037123205,16
91605,6037123206,17
91605,6037123301,18
91605,6037123303,19
91605,6037123304,20
91605,6037123410,21
91605,6037123420,22
91605,6037980001,23
91606,6037123103,1
91606,6037123104,2
91606,6037123203,3
91606,6037123204,4
91606,6037123205,5
91606,6037123206,6
91606,6037123301,7
91606,6037123303,8
91606,6037123304,9
91606,6037123420,10
91606,6037123601,11
91606,6037123700,12
91606,6037123800,13
91606,6037123901,14
91606,6037123902,15
91606,6037124102,16
91606,6037124103,17
91606,6037124104,18
91606,6037124105,19
91606,6037124201,20
91606,6037124203,21
91606,6037124300,22
91606,6037124400,23
91607,6037123800,1
91607,6037123902,2
91607,6037124000,3
91607,6037124400,4
91607,6037124700,5
91607,6037124902,6
91607,6037124903,7
91607,6037125100,8
91607,6037143300,9
91607,6037143400,10
91608,6037143700,1
91608,6037320000,2
91609,6037123901,1
91610,6037143100,1
91611,6037123901,1
91612,6037123901,1
91614,6037143800,1
91615,6037123301,1
91617,6037124000,1
91702,6037400602,1
91702,6037400603,2
91702,6037400604,3
91702,6037400800,4
91702,6037400900,5
91702,6037403902,6
91702,6037404000,7
91702,6037404100,8
91702,6037404201,9
91702,6037404202,10
91702,6037404301,11
91702,6037404302,12
91702,6037404401,13
91702,6037404402,14
91702,6037404501,15
91702,6037404503,16
91702,6037404504,17
91702,6037404600,18
91702,6037930301,19
91706,6037404600,1
91706,6037404701,2
91706,6037404702,3
91706,6037404703,4
91706,6037404801,5
91706,6037404802,6
91706,6037404803,7
91706,6037404901,8
91706,6037404902,9
91706,6037404903,10
91706,6037405001,11
91706,6037405002,12
91706,6037405101,13
91706,6037405102,14
91706,6037405201,15
91706,6037405202,16
91706,6037405203,17
91706,6037405400,18
91706,6037406901,19
91706,6037407001,20
91706,6037407002,21
91709,6037403318,1
91710,6037402904,1
91711,6037400204,1
91711,6037400205,2
91711,6037400206,3
91711,6037401701,4
91711,6037401704,5
91711,6037401800,6
91711,6037401901,7
91711,6037401902,8
91711,6037402001,9
91711,6037402002,10
91711,6037402101,11
91715,6037408202,1
91722,6037403721,1
91722,6037403801,2
91722,6037404000,3
91722,6037404600,4
91722,6037405301,5
91722,6037405400,6
91722,6037405500,7
91722,6037405600,8
91722,6037405701,9
91722,6037405702,10
91722,6037405800,11
91722,6037405900,12
91722,6037406000,13
91722,6037406101,14
91723,6037403600,1
91723,6037403721,2
91723,6037403722,3
91723,6037406000,4
91723,6037406101,5
91723,6037406102,6
91723,6037406200,7
91724,6037401303,1
91724,6037401304,2
91724,6037403500,3
91724,6037403600,4
91724,6037403702,5
91724,6037403703,6
91724,6037403721,7
91724,6037403722,8
91724,6037403801,9
91724,6037403802,10
91724,6037405800,11
91724,6037406300,12
91731,6037431501,1
91731,6037432102,2
91731,6037432300,3
91731,6037432401,4
91731,6037432402,5
91731,6037432700,6
91731,6037432801,7
91731,6037432802,8
91731,6037432902,9
91731,6037433101,10
91731,6037433200,11
91731,6037433304,12
91731,6037433403,13
91732,6037432401,1
91732,6037432402,2
91732,6037432500,3
91732,6037432601,4
91732,6037432602,5
91732,6037432700,6
91732,6037433302,7
91732,6037433304,8
91732,6037433305,9
91732,6037433306,10
91732,6037433307,11
91732,6037433403,12
91732,6037433901,13
91732,6037433902,14
91732,6037434001,15
91732,6037434003,16
91733,6037433101,1
91733,6037433102,2
91733,6037433200,3
91733,6037433401,4
91733,6037433402,5
91733,6037433403,6
91733,6037433501,7
91733,6037433503,8
91733,6037433504,9
91733,6037433602,10
91733,6037433700,11
91733,6037433801,12
91733,6037433802,13
91733,6037433902,14
91733,6037434003,15
91733,6037434004,16
91734,6037432700,1
91740,6037400402,1
91740,6037400900,2
91740,6037401101,3
91740,6037401102,4
91740,6037401201,5
91740,6037401202,6
91740,6037401203,7
91740,6037401311,8
91740,6037403901,9
91740,6037403902,10
91740,6037404000,11
91741,6037400402,1
91741,6037400403,2
91741,6037400404,3
91741,6037400501,4
91741,6037400604,5
91741,6037400800,6
91741,6037400900,7
91741,6037401001,8
91741,6037401002,9
91741,6037401101,10
91741,6037401102,11
91741,6037930301,12
91744,6037406601,1
91744,6037406602,2
91744,6037406701,3
91744,6037406902,4
91744,6037407101,5
91744,6037407102,6
91744,6037407200,7
91744,6037407301,8
91744,6037407302,9
91744,6037407501,10
91744,6037407502,11
91744,6037407601,12
91744,6037407602,13
91744,6037407701,14
91744,6037407702,15
91744,6037407801,16
91744,6037407802,17
91744,6037407900,18
91744,6037408003,19
91744,6037408133,20
91744,6037408137,21
91744,6037408138,22
91744,6037408139,23
91744,6037408140,24
91744,6037408141,25
91744,6037408202,26
91744,6037408211,27
91744,6037462202,28
91745,6037408202,1
91745,6037408401,2
91745,6037408402,3
91745,6037408501,4
91745,6037408503,5
91745,6037408504,6
91745,6037408505,7
91745,6037408623,8
91745,6037408624,9
91745,6037408625,10
91745,6037408628,11
91745,6037408629,12
91745,6037408630,13
91745,6037408631,14
91745,6037500202,15
91745,6037501600,16
91746,6037403403,1
91746,6037406901,2
91746,6037406902,3
91746,6037407001,4
91746,6037407002,5
91746,6037407101,6
91746,6037407102,7
91746,6037408202,8
91746,6037408301,9
91746,6037408302,10
91746,6037408303,11
91746,6037408402,12
91747,6037407200,1
91748,6037408202,1
91748,6037408211,2
91748,6037408212,3
91748,6037408623,4
91748,6037408626,5
91748,6037408627,6
91748,6037408703,7
91748,6037408704,8
91748,6037408705,9
91748,6037408706,10
91748,6037408722,11
91748,6037408723,12
91748,6037408724,13
91748,6037500100,14
91750,6037400204,1
91750,6037400205,2
91750,6037400207,3
91750,6037400302,4
91750,6037401304,5
91750,6037401500,6
91750,6037401601,7
91750,6037401602,8
91750,6037401603,9
91750,6037401701,10
91750,6037401703,11
91750,6037402200,12
91750,6037930301,13
91754,6037481711,1
91754,6037481713,2
91754,6037481714,3
91754,6037481902,4
91754,6037482001,5
91754,6037482002,6
91754,6037482101,7
91754,6037482102,8
91754,6037482201,9
91754,6037482600,10
91754,6037482701,11
91754,6037482702,12
91754,6037482800,13
91754,6037530302,14
91754,6037530400,15
91755,6037481711,1
91755,6037481712,2
91755,6037482201,3
91755,6037482202,4
91755,6037482522,5
91755,6037482600,6
91755,6037482800,7
91756,6037482701,1
91765,6037403304,1
91765,6037403305,2
91765,6037403312,3
91765,6037403316,4
91765,6037403317,5
91765,6037403319,6
91765,6037403320,7
91765,6037403321,8
91765,6037403322,9
91765,6037403323,10
91765,6037403324,11
91765,6037403325,12
91765,6037408703,13
91766,6037402402,1
91766,6037402501,2
91766,6037402502,3
91766,6037402801,4
91766,6037402803,5
91766,6037402804,6
91766,6037402902,7
91766,6037402903,8
91766,6037402904,9
91766,6037403000,10
91766,6037403317,11
91766,6037403318,12
91766,6037403321,13
91766,6037408800,14
91767,6037401701,1
91767,6037401703,2
91767,6037401704,3
91767,6037402101,4
91767,6037402102,5
91767,6037402200,6
91767,6037402303,7
91767,6037402600,8
91767,6037402702,9
91767,6037402703,10
91767,6037402705,11
91767,6037402706,12
91767,6037402801,13
91767,6037408800,14
91768,6037401304,1
91768,6037401500,2
91768,6037402200,3
91768,6037402301,4
91768,6037402303,5
91768,6037402304,6
91768,6037402402,7
91768,6037402403,8
91768,6037402404,9
91768,6037402405,10
91768,6037402406,11
91768,6037403200,12
91768,6037408800,13
91769,6037408800,1
91770,6037432201,1
91770,6037432202,2
91770,6037432802,3
91770,6037432901,4
91770,6037432902,5
91770,6037433101,6
91770,6037433601,7
91770,6037433602,8
91770,6037481300,9
91770,6037482303,10
91770,6037482304,11
91770,6037482401,12
91770,6037482402,13
91770,6037482502,14
91770,6037482503,15
91770,6037482521,16
91770,6037482522,17
91770,6037482800,18
91770,6037530003,19
91771,6037482503,1
91772,6037482503,1
91773,6037400207,1
91773,6037400302,2
91773,6037400304,3
91773,6037400403,4
91773,6037401202,5
91773,6037401303,6
91773,6037401304,7
91773,6037401311,8
91773,6037401312,9
91773,6037401500,10
91773,6037402200,11
91773,6037403703,12
91773,6037403802,13
91775,6037430724,1
91775,6037431800,2
91775,6037464100,3
91775,6037464200,4
91775,6037480002,5
91775,6037480011,6
91775,6037480012,7
91775,6037480101,8
91775,6037480102,9
91775,6037480201,10
91775,6037480202,11
91775,6037480302,12
91776,6037432201,1
91776,6037432202,2
91776,6037480102,3
91776,6037480201,4
91776,6037480202,5
91776,6037481101,6
91776,6037481102,7
91776,6037481103,8
91776,6037481201,9
91776,6037481202,10
91776,6037481300,11
91776,6037481401,12
91776,6037481402,13
91776,6037481500,14
91776,6037482301,15
91778,6037481102,1
91780,6037431501,1
91780,6037431502,2
91780,6037431600,3
91780,6037431800,4
91780,6037431900,5
91780,6037432000,6
91780,6037432101,7
91780,6037432102,8
91780,6037432300,9
91780,6037480012,10
91780,6037480101,11
91780,6037481201,12
91786,6037401800,1
91786,6037401901,2
91786,6037401902,3
91788,6037403402,1
91789,6037402403,1
91789,6037403200,2
91789,6037403303,3
91789,6037403304,4
91789,6037403305,5
91789,6037403312,6
91789,6037403322,7
91789,6037403401,8
91789,6037403402,9
91789,6037403403,10
91789,6037403404,11
91789,6037403405,12
91789,6037403406,13
91789,6037403407,14
91789,6037403408,15
91789,6037408006,16
91789,6037408212,17
91789,6037408703,18
91789,6037408705,19
91789,6037408706,20
91790,6037405201,1
91790,6037405203,2
91790,6037405301,3
91790,6037405302,4
91790,6037405400,5
91790,6037405500,6
91790,6037405600,7
91790,6037406500,8
91790,6037406601,9
91790,6037406602,10
91790,6037406701,11
91790,6037406702,12
91790,6037406800,13
91790,6037406901,14
91790,6037406902,15
91790,6037407400,16
91791,6037403500,1
91791,6037403600,2
91791,6037403722,3
91791,6037405600,4
91791,6037406102,5
91791,6037406200,6
91791,6037406300,7
91791,6037406402,8
91791,6037406411,9
91791,6037406412,10
91791,6037406500,11
91791,6037406601,12
91791,6037408003,13
91791,6037408005,14
91792,6037403401,1
91792,6037407900,2
91792,6037408003,3
91792,6037408004,4
91792,6037408006,5
91792,6037408133,6
91792,6037408134,7
91792,6037408135,8
91792,6037408136,9
91792,6037408137,10
91792,6037408141,11
91793,6037406702,1
91801,6037201501,1
91801,6037480302,2
91801,6037480303,3
91801,6037480304,4
91801,6037480400,5
91801,6037480802,6
91801,6037480803,7
91801,6037480804,8
91801,6037480901,9
91801,6037481001,10
91801,6037481002,11
91801,6037481500,12
91801,6037481603,13
91801,6037481604,14
91801,6037481605,15
91801,6037481606,16
91802,6037481001,1
91803,6037480802,1
91803,6037480803,2
91803,6037480901,3
91803,6037480902,4
91803,6037480903,5
91803,6037481001,6
91803,6037481604,7
91803,6037481605,8
91803,6037481606,9
91803,6037481800,10
91803,6037481901,11
91803,6037481902,12
91803,6037482001,13
92301,6037900102,1
92397,6037930301,1
93063,6037113211,1
93243,6037901209,1
93243,6037920102,2
93510,6037910205,1
93510,6037910804,2
93510,6037910805,3
93510,6037910811,4
93510,6037910813,5
93532,6037901205,1
93532,6037901209,2
93532,6037901210,3
93532,6037901213,4
93532,6037920102,5
93534,6037900300,1
93534,6037900501,2
93534,6037900602,3
93534,6037900606,4
93534,6037900607,5
93534,6037900701,6
93534,6037900703,7
93534,6037900704,8
93534,6037900705,9
93534,6037900803,10
93534,6037900804,11
93534,6037900805,12
93534,6037900806,13
93534,6037900900,14
93534,6037901007,15
93534,6037901008,16
93534,6037901009,17
93534,6037901011,18
93534,6037910202,19
93535,6037900102,1
93535,6037900103,2
93535,6037900201,3
93535,6037900300,4
93535,6037900501,5
93535,6037900504,6
93535,6037900505,7
93535,6037900506,8
93535,6037900507,9
93535,6037900508,10
93535,6037900602,11
93535,6037900605,12
93535,6037900606,13
93535,6037900607,14
93535,6037900608,15
93535,6037900609,16
93535,6037900704,17
93535,6037980003,18
93536,6037900900,1
93536,6037901003,2
93536,6037901004,3
93536,6037901007,4
93536,6037901008,5
93536,6037901009,6
93536,6037901010,7
93536,6037901011,8
93536,6037901101,9
93536,6037901102,10
93536,6037901205,11
93536,6037901209,12
93536,6037901213,13
93536,6037910202,14
93536,6037910301,15
93536,6037920102,16
93539,6037901009,1
93543,6037910001,1
93543,6037910002,2
93543,6037910706,3
93543,6037910709,4
93543,6037911001,5
93543,6037930301,6
93544,6037900102,1
93544,6037900104,2
93544,6037911001,3
93550,6037910101,1
93550,6037910201,2
93550,6037910205,3
93550,6037910402,4
93550,6037910403,5
93550,6037910404,6
93550,6037910501,7
93550,6037910502,8
93550,6037910504,9
93550,6037910505,10
93550,6037910601,11
93550,6037910602,12
93550,6037910603,13
93550,6037910605,14
93550,6037910606,15
93550,6037910707,16
93550,6037910709,17
93550,6037910711,18
93550,6037910715,19
93550,6037910716,20
93550,6037910805,21
93550,6037910811,22
93550,6037910812,23
93550,6037930200,24
93550,6037930301,25
93550,6037980004,26
93551,6037900704,1
93551,6037901007,2
93551,6037901213,3
93551,6037910201,4
93551,6037910202,5
93551,6037910205,6
93551,6037910206,7
93551,6037910207,8
93551,6037910208,9
93551,6037910209,10
93551,6037910210,11
93551,6037910301,12
93551,6037910302,13
93551,6037910401,14
93551,6037910403,15
93551,6037910804,16
93551,6037920012,17
93552,6037900201,1
93552,6037910001,2
93552,6037910101,3
93552,6037910705,4
93552,6037910706,5
93552,6037910709,6
93552,6037910711,7
93552,6037910712,8
93552,6037910713,9
93552,6037910714,10
93552,6037910811,11
93552,6037910812,12
93552,6037911001,13
93552,6037980004,14
93553,6037910002,1
93553,6037911001,2
93553,6037930301,3
93560,6037900605,1
93560,6037900900,2
93560,6037901209,3
93563,6037911001,1
93563,6037930301,2
93584,6037900806,1
93586,6037901101,1
93586,6037901102,2
93590,6037910602,1
93591,6037900102,1
93591,6037900103,2
93591,6037900104,3
93591,6037900201,4
93591,6037910001,5
93591,6037910101,6
93591,6037911001,7
93599,6037980004,1
